"john doe",john@gmail.com,1212
"Elizabeth joe",Elizabeth@gmail.com,1010
"dolly jane",dolly@gmail.com,321
"adewobi adetayo",adetayo@gmail.com,12345
"Mariam dell",mariam@gmail.com,1111
dammy,dammy@gmail.com,dammy
itunu,itunu@gmail.com,1122
"new user",newuser@outlook.com,newuser
